[
  {
    "id": "9afe7379-8697-45ef-8a79-87695cfb0ea8",
    "data": [
      {
        "text": "I have a query",
        "userDefined": false
      }
    ],
    "isTemplate": false,
    "count": 0,
    "updated": 0
  },
  {
    "id": "335e1cb4-add9-4235-804c-00c766612e09",
    "data": [
      {
        "text": "I have a doubt",
        "userDefined": false
      }
    ],
    "isTemplate": false,
    "count": 0,
    "updated": 0
  },
  {
    "id": "c238db07-4587-4406-90e3-dcafa32b917b",
    "data": [
      {
        "text": "I have a question",
        "userDefined": false
      }
    ],
    "isTemplate": false,
    "count": 0,
    "updated": 0
  },
  {
    "id": "4b857919-9e55-43e3-b287-988a990d8556",
    "data": [
      {
        "text": "FAQ",
        "userDefined": false
      }
    ],
    "isTemplate": false,
    "count": 0,
    "updated": 0
  }
]