[
  {
    "id": "09c1312c-8277-46f2-b266-8de812939115",
    "data": [
      {
        "text": "How to register for DexConnect?",
        "userDefined": false
      }
    ],
    "isTemplate": false,
    "count": 0,
    "updated": 0
  },
  {
    "id": "15f22103-93a8-433a-b1a3-9566473a7a66",
    "data": [
      {
        "text": "How to sign up for it?",
        "userDefined": false
      }
    ],
    "isTemplate": false,
    "count": 0,
    "updated": 0
  },
  {
    "id": "7d7eaa2c-8ab2-4e54-b97b-f95f5c819c71",
    "data": [
      {
        "text": "How to DexConnect?",
        "userDefined": false
      }
    ],
    "isTemplate": false,
    "count": 0,
    "updated": 0
  },
  {
    "id": "958aa13d-7165-43e8-9d46-4d54dc85af23",
    "data": [
      {
        "text": "How to signup for DexConnect?",
        "userDefined": false
      }
    ],
    "isTemplate": false,
    "count": 0,
    "updated": 0
  },
  {
    "id": "26b79e0b-8171-4a2d-bec4-d8ba03dffb24",
    "data": [
      {
        "text": "How to apply for DexConnect?",
        "userDefined": false
      }
    ],
    "isTemplate": false,
    "count": 0,
    "updated": 0
  }
]