[
  {
    "id": "e11420ba-dab3-40a5-b49a-878e675c7d8e",
    "data": [
      {
        "text": "parent",
        "userDefined": false
      }
    ],
    "isTemplate": false,
    "count": 0,
    "updated": 0
  },
  {
    "id": "0d11f5b8-4e5a-45f9-98a5-07e8d88e2e61",
    "data": [
      {
        "text": "student",
        "userDefined": false
      }
    ],
    "isTemplate": false,
    "count": 0,
    "updated": 0
  },
  {
    "id": "84f65ea2-449c-4d10-bdfd-ba3c36564811",
    "data": [
      {
        "text": "Individual",
        "userDefined": false
      }
    ],
    "isTemplate": false,
    "count": 0,
    "updated": 0
  }
]