[
  {
    "id": "c756cc23-66f3-4d3a-96cd-cff22704fbd5",
    "data": [
      {
        "text": "office",
        "userDefined": false
      }
    ],
    "isTemplate": false,
    "count": 0,
    "updated": 0
  },
  {
    "id": "0dbd7fd5-61e7-4530-8d7f-29d35dab7964",
    "data": [
      {
        "text": "college",
        "userDefined": false
      }
    ],
    "isTemplate": false,
    "count": 0,
    "updated": 0
  },
  {
    "id": "f1f6885f-6ab2-40cb-924c-ec3018b75c48",
    "data": [
      {
        "text": "school",
        "userDefined": false
      }
    ],
    "isTemplate": false,
    "count": 0,
    "updated": 0
  },
  {
    "id": "3a66d016-d200-497d-8a08-fcee72b69ad5",
    "data": [
      {
        "text": "institution",
        "userDefined": false
      }
    ],
    "isTemplate": false,
    "count": 0,
    "updated": 0
  },
  {
    "id": "47ae53b2-a6d2-4e1e-8ca5-90300396adb0",
    "data": [
      {
        "text": "instituition",
        "userDefined": false
      }
    ],
    "isTemplate": false,
    "count": 0,
    "updated": 0
  }
]