[
  {
    "id": "c56a44c8-3bde-41da-a779-92c522f3a7c2",
    "data": [
      {
        "text": "i have a doubt",
        "userDefined": false
      }
    ],
    "isTemplate": false,
    "count": 0,
    "updated": 0
  },
  {
    "id": "cc33b6dc-2e7a-4441-84a4-e3fca6f1005a",
    "data": [
      {
        "text": "i have a question",
        "userDefined": false
      }
    ],
    "isTemplate": false,
    "count": 0,
    "updated": 0
  },
  {
    "id": "4c535a44-214c-4d0a-8fe4-67b9824ae4b3",
    "data": [
      {
        "text": "FAQ",
        "userDefined": false
      }
    ],
    "isTemplate": false,
    "count": 0,
    "updated": 0
  }
]