[
  {
    "id": "e5fef506-5908-4eb4-aa67-c312936bb161",
    "data": [
      {
        "text": "Inspire me.",
        "userDefined": false
      }
    ],
    "isTemplate": false,
    "count": 0,
    "updated": 0
  },
  {
    "id": "f69f8f78-3d37-40ae-8a57-72fc349cca71",
    "data": [
      {
        "text": "Quote",
        "userDefined": false
      }
    ],
    "isTemplate": false,
    "count": 0,
    "updated": 0
  },
  {
    "id": "ae4554ed-f358-4903-8325-59f1d3310d1a",
    "data": [
      {
        "text": "Quotes",
        "userDefined": false
      }
    ],
    "isTemplate": false,
    "count": 0,
    "updated": 0
  }
]