[
  {
    "id": "727a4676-8e82-4968-9823-7abe8d9042e0",
    "data": [
      {
        "text": "how to take part in DexChallenge?",
        "userDefined": false
      }
    ],
    "isTemplate": false,
    "count": 0,
    "updated": 0
  },
  {
    "id": "88a7b215-6d0e-4972-b04e-d1b5a7ff7f2c",
    "data": [
      {
        "text": "How to participate in DexChallenge?",
        "userDefined": false
      }
    ],
    "isTemplate": false,
    "count": 0,
    "updated": 0
  },
  {
    "id": "ced56f3d-3fbc-4614-9094-f9ec31156759",
    "data": [
      {
        "text": "How to register for DexChallenge?",
        "userDefined": false
      }
    ],
    "isTemplate": false,
    "count": 0,
    "updated": 0
  }
]