[
  {
    "id": "3f4a9574-29e3-483a-89bd-183afe1d6142",
    "data": [
      {
        "text": "dexterity global",
        "userDefined": false
      }
    ],
    "isTemplate": false,
    "count": 0,
    "updated": 0
  },
  {
    "id": "0400ddb5-1860-489a-a050-94870272b48e",
    "data": [
      {
        "text": "Tell me about Dexterity Global?",
        "userDefined": false
      }
    ],
    "isTemplate": false,
    "count": 0,
    "updated": 0
  },
  {
    "id": "4ec46a11-0102-453a-b0ca-827b4e3b0a12",
    "data": [
      {
        "text": "What does Dexterity Global do?",
        "userDefined": false
      }
    ],
    "isTemplate": false,
    "count": 0,
    "updated": 0
  },
  {
    "id": "ee21d0a8-2d64-4f49-a390-a378744dbe77",
    "data": [
      {
        "text": "What is dexterity global?",
        "userDefined": false
      }
    ],
    "isTemplate": false,
    "count": 0,
    "updated": 0
  }
]