[
  {
    "id": "b6d29435-6a6e-4d70-ac5f-39ba99e76efb",
    "data": [
      {
        "text": "Tell me about DexChallenge.",
        "userDefined": false
      }
    ],
    "isTemplate": false,
    "count": 0,
    "updated": 0
  },
  {
    "id": "ea595079-6fbd-480f-85f3-3c859acfd2b7",
    "data": [
      {
        "text": "Tell me something about DexChallenge.",
        "userDefined": false
      }
    ],
    "isTemplate": false,
    "count": 0,
    "updated": 0
  },
  {
    "id": "99b5f5d8-b49e-4ba2-a838-35c850c6f3e2",
    "data": [
      {
        "text": "What is DexChallenge?",
        "userDefined": false
      }
    ],
    "isTemplate": false,
    "count": 0,
    "updated": 0
  }
]