[
  {
    "id": "a1084117-486d-4289-80f6-1098b9787980",
    "data": [
      {
        "text": "What is your work?",
        "userDefined": false
      }
    ],
    "isTemplate": false,
    "count": 0,
    "updated": 0
  },
  {
    "id": "e56d840e-183e-486b-91be-c47960565557",
    "data": [
      {
        "text": "what is your job\u003e",
        "userDefined": false
      }
    ],
    "isTemplate": false,
    "count": 0,
    "updated": 0
  },
  {
    "id": "de95dd48-0fe8-4260-a337-aa9b8652d3b4",
    "data": [
      {
        "text": "What do you do?",
        "userDefined": false
      }
    ],
    "isTemplate": false,
    "count": 0,
    "updated": 0
  },
  {
    "id": "616ea3a6-1520-43b4-8e6c-617f6df245d4",
    "data": [
      {
        "text": "What can you do?",
        "userDefined": false
      }
    ],
    "isTemplate": false,
    "count": 0,
    "updated": 0
  }
]