[
  {
    "id": "2680e4ce-c573-46f5-a3dd-f18d0f797f12",
    "data": [
      {
        "text": "whats your name",
        "userDefined": false
      }
    ],
    "isTemplate": false,
    "count": 0,
    "updated": 0
  },
  {
    "id": "ece70477-befb-4e38-b5c9-2a64c0ef9855",
    "data": [
      {
        "text": "What\u0027s your name?",
        "userDefined": false
      }
    ],
    "isTemplate": false,
    "count": 0,
    "updated": 0
  },
  {
    "id": "08489a42-514b-460f-863b-5a8093c975ca",
    "data": [
      {
        "text": "name?",
        "userDefined": false
      }
    ],
    "isTemplate": false,
    "count": 0,
    "updated": 0
  },
  {
    "id": "cc245dfd-c57f-43c5-a557-8866cacba443",
    "data": [
      {
        "text": "What is your name?",
        "userDefined": false
      }
    ],
    "isTemplate": false,
    "count": 0,
    "updated": 0
  }
]